/*
SQLyog Ultimate v12.09 (64 bit)
MySQL - 5.5.57 : Database - myblog
*********************************************************************
*/

/*!40101 SET NAMES utf8 */;

/*!40101 SET SQL_MODE=''*/;

/*!40014 SET @OLD_UNIQUE_CHECKS=@@UNIQUE_CHECKS, UNIQUE_CHECKS=0 */;
/*!40014 SET @OLD_FOREIGN_KEY_CHECKS=@@FOREIGN_KEY_CHECKS, FOREIGN_KEY_CHECKS=0 */;
/*!40101 SET @OLD_SQL_MODE=@@SQL_MODE, SQL_MODE='NO_AUTO_VALUE_ON_ZERO' */;
/*!40111 SET @OLD_SQL_NOTES=@@SQL_NOTES, SQL_NOTES=0 */;
CREATE DATABASE /*!32312 IF NOT EXISTS*/`myblog` /*!40100 DEFAULT CHARACTER SET utf8 */;

USE `myblog`;

/*Table structure for table `t_article` */

DROP TABLE IF EXISTS `t_article`;

CREATE TABLE `t_article` (
  `id` int(11) NOT NULL AUTO_INCREMENT,
  `title` varchar(80) NOT NULL,
  `author` varchar(30) NOT NULL,
  `sort` varchar(30) NOT NULL,
  `time` datetime DEFAULT NULL,
  `star` int(11) DEFAULT '0',
  `comment` int(11) DEFAULT '0',
  `visit` int(11) DEFAULT '0',
  `content` text,
  PRIMARY KEY (`id`)
) ENGINE=InnoDB AUTO_INCREMENT=15 DEFAULT CHARSET=utf8;

/*Data for the table `t_article` */

insert  into `t_article`(`id`,`title`,`author`,`sort`,`time`,`star`,`comment`,`visit`,`content`) values (10,'大数据','路路','HTML','2017-09-11 07:00:00',159,2,147,'第一篇文章'),(12,'嵌入式','鑫鑫','java','2017-09-19 05:00:00',81,1,57,'第二篇文章'),(13,'前端','静静','HTML','2017-09-16 02:00:00',17,0,30,'第三篇文章'),(14,'后台','飞飞','bigData','2019-04-01 14:09:48',1,0,2,'第四篇文章');

/*Table structure for table `t_comment` */

DROP TABLE IF EXISTS `t_comment`;

CREATE TABLE `t_comment` (
  `id` int(11) NOT NULL AUTO_INCREMENT,
  `article_id` int(11) DEFAULT NULL,
  `nickname` varchar(30) DEFAULT NULL,
  `content` text,
  `time` datetime DEFAULT '2017-09-18 00:00:00',
  `star` int(11) DEFAULT '0',
  `diss` int(11) DEFAULT '0',
  PRIMARY KEY (`id`),
  KEY `article_id` (`article_id`),
  CONSTRAINT `article_id` FOREIGN KEY (`article_id`) REFERENCES `t_article` (`id`) ON DELETE CASCADE ON UPDATE NO ACTION
) ENGINE=InnoDB AUTO_INCREMENT=99 DEFAULT CHARSET=utf8;

/*Data for the table `t_comment` */

insert  into `t_comment`(`id`,`article_id`,`nickname`,`content`,`time`,`star`,`diss`) values (32,14,'热心网友','[[','2019-04-02 14:55:05',0,0),(33,14,'热心网友','为','2019-04-02 14:56:48',0,0),(34,14,'热心网友','说','2019-04-02 14:59:58',0,0),(35,14,'热心网友','www','2019-04-02 15:03:22',0,0),(54,14,'热心网友','u','2019-04-03 09:33:02',0,0),(55,14,'热心网友','ud','2019-04-03 09:36:34',0,0),(58,13,'热心网友','s','2019-04-03 09:52:33',0,0),(59,13,'热心网友','c','2019-04-03 09:52:39',0,0),(60,13,'热心网友','d','2019-04-03 09:53:19',0,0),(61,13,'热心网友','d','2019-04-03 09:53:24',0,0),(62,13,'热心网友','w','2019-04-03 09:54:04',0,0),(85,12,'热心网友','s','2019-04-03 11:20:58',0,0),(86,14,'热心网友','eeee','2019-04-04 10:18:44',0,0),(87,14,'热心网友','wwww','2019-04-04 10:18:55',0,0),(88,14,'热心网友','p','2019-04-04 10:19:49',0,0),(89,14,'热心网友','说是谁','2019-04-04 10:25:38',0,0),(90,14,'热心网友','说是谁','2019-04-04 10:29:37',0,0),(91,14,'热心网友','呜呜呜','2019-04-04 10:35:14',0,0),(94,14,'热心网友','qqqqq','2019-06-18 20:37:58',0,0),(96,10,'热心网友','2321321312321321','2019-06-18 21:19:18',0,0),(97,14,'小阳阳','我是海王','2019-06-19 22:11:24',0,0),(98,14,'小阳阳','我是海王','2019-06-19 22:12:48',0,0);

/*Table structure for table `t_tag` */

DROP TABLE IF EXISTS `t_tag`;

CREATE TABLE `t_tag` (
  `id` int(11) DEFAULT NULL,
  `tag` varchar(30) DEFAULT NULL,
  KEY `id` (`id`),
  CONSTRAINT `t_tag_ibfk_1` FOREIGN KEY (`id`) REFERENCES `t_article` (`id`) ON DELETE CASCADE ON UPDATE NO ACTION
) ENGINE=InnoDB DEFAULT CHARSET=utf8;

/*Data for the table `t_tag` */

insert  into `t_tag`(`id`,`tag`) values (10,'不错'),(10,'很棒'),(10,'还好'),(12,'有点东西'),(13,'666'),(14,'不错');

/*Table structure for table `t_user` */

DROP TABLE IF EXISTS `t_user`;

CREATE TABLE `t_user` (
  `user_id` int(10) unsigned NOT NULL AUTO_INCREMENT COMMENT 'primary_key',
  `user_name` varchar(20) NOT NULL COMMENT 'username',
  `user_password` varchar(100) NOT NULL COMMENT 'password 123 100',
  PRIMARY KEY (`user_id`)
) ENGINE=InnoDB AUTO_INCREMENT=4 DEFAULT CHARSET=utf8;

/*Data for the table `t_user` */

insert  into `t_user`(`user_id`,`user_name`,`user_password`) values (1,'lonely','b394e6c1ab583e0966b03751b0237350'),(2,'林志玲','123'),(3,'席阳','123');

/*Table structure for table `t_visitor` */

DROP TABLE IF EXISTS `t_visitor`;

CREATE TABLE `t_visitor` (
  `id` int(11) NOT NULL AUTO_INCREMENT,
  `ip` varchar(50) DEFAULT NULL,
  `time` varchar(50) DEFAULT NULL,
  `web_ip` varchar(50) DEFAULT NULL,
  `host` varchar(50) DEFAULT NULL,
  PRIMARY KEY (`id`)
) ENGINE=InnoDB AUTO_INCREMENT=147 DEFAULT CHARSET=utf8;

/*Data for the table `t_visitor` */

insert  into `t_visitor`(`id`,`ip`,`time`,`web_ip`,`host`) values (52,'0:0:0:0:0:0:0:1','2018-10-22 19:32:04','0:0:0:0:0:0:0:1','0:0:0:0:0:0:0:1'),(53,'0:0:0:0:0:0:0:1','2018-10-22 20:32:32','0:0:0:0:0:0:0:1','0:0:0:0:0:0:0:1'),(54,'0:0:0:0:0:0:0:1','2018-11-01 09:34:51','0:0:0:0:0:0:0:1','0:0:0:0:0:0:0:1'),(55,'0:0:0:0:0:0:0:1','2018-11-01 19:14:42','0:0:0:0:0:0:0:1','0:0:0:0:0:0:0:1'),(56,'0:0:0:0:0:0:0:1','2018-11-02 08:27:30','0:0:0:0:0:0:0:1','0:0:0:0:0:0:0:1'),(57,'0:0:0:0:0:0:0:1','2018-11-02 09:52:39','0:0:0:0:0:0:0:1','0:0:0:0:0:0:0:1'),(58,'0:0:0:0:0:0:0:1','2018-11-09 09:52:40','0:0:0:0:0:0:0:1','0:0:0:0:0:0:0:1'),(59,'0:0:0:0:0:0:0:1','2018-11-09 13:51:49','0:0:0:0:0:0:0:1','0:0:0:0:0:0:0:1'),(60,'0:0:0:0:0:0:0:1','2018-11-12 23:16:54','0:0:0:0:0:0:0:1','0:0:0:0:0:0:0:1'),(61,'0:0:0:0:0:0:0:1','2018-12-02 11:31:27','0:0:0:0:0:0:0:1','0:0:0:0:0:0:0:1'),(62,'0:0:0:0:0:0:0:1','2018-12-19 17:54:58','0:0:0:0:0:0:0:1','0:0:0:0:0:0:0:1'),(63,'0:0:0:0:0:0:0:1','2018-12-19 17:55:11','0:0:0:0:0:0:0:1','0:0:0:0:0:0:0:1'),(64,'0:0:0:0:0:0:0:1','2018-12-19 18:00:36','0:0:0:0:0:0:0:1','0:0:0:0:0:0:0:1'),(65,'0:0:0:0:0:0:0:1','2018-12-20 13:59:51','0:0:0:0:0:0:0:1','0:0:0:0:0:0:0:1'),(66,'0:0:0:0:0:0:0:1','2018-12-20 15:47:57','0:0:0:0:0:0:0:1','0:0:0:0:0:0:0:1'),(67,'0:0:0:0:0:0:0:1','2018-12-20 15:54:47','0:0:0:0:0:0:0:1','0:0:0:0:0:0:0:1'),(68,'0:0:0:0:0:0:0:1','2018-12-20 17:00:56','0:0:0:0:0:0:0:1','0:0:0:0:0:0:0:1'),(69,'0:0:0:0:0:0:0:1','2018-12-20 17:01:09','0:0:0:0:0:0:0:1','0:0:0:0:0:0:0:1'),(70,'0:0:0:0:0:0:0:1','2018-12-20 17:45:23','0:0:0:0:0:0:0:1','0:0:0:0:0:0:0:1'),(71,NULL,'2018-12-20 17:51:48',NULL,NULL),(72,NULL,'2018-12-20 17:55:17',NULL,NULL),(73,'0:0:0:0:0:0:0:1','2018-12-20 17:55:38','0:0:0:0:0:0:0:1','0:0:0:0:0:0:0:1'),(74,'0:0:0:0:0:0:0:1','2018-12-20 18:09:56','0:0:0:0:0:0:0:1','0:0:0:0:0:0:0:1'),(75,'0:0:0:0:0:0:0:1','2018-12-20 18:10:21','0:0:0:0:0:0:0:1','0:0:0:0:0:0:0:1'),(76,'0:0:0:0:0:0:0:1','2018-12-20 18:10:27','0:0:0:0:0:0:0:1','0:0:0:0:0:0:0:1'),(77,'0:0:0:0:0:0:0:1','2018-12-20 18:13:55','0:0:0:0:0:0:0:1','0:0:0:0:0:0:0:1'),(78,'0:0:0:0:0:0:0:1','2018-12-20 18:13:57','0:0:0:0:0:0:0:1','0:0:0:0:0:0:0:1'),(79,'0:0:0:0:0:0:0:1','2018-12-20 18:16:37','0:0:0:0:0:0:0:1','0:0:0:0:0:0:0:1'),(80,'0:0:0:0:0:0:0:1','2018-12-20 18:26:55','0:0:0:0:0:0:0:1','0:0:0:0:0:0:0:1'),(81,'0:0:0:0:0:0:0:1','2018-12-20 18:26:59','0:0:0:0:0:0:0:1','0:0:0:0:0:0:0:1'),(82,'0:0:0:0:0:0:0:1','2018-12-21 10:25:20','0:0:0:0:0:0:0:1','0:0:0:0:0:0:0:1'),(83,'0:0:0:0:0:0:0:1','2018-12-21 10:25:25','0:0:0:0:0:0:0:1','0:0:0:0:0:0:0:1'),(84,'0:0:0:0:0:0:0:1','2018-12-21 10:26:30','0:0:0:0:0:0:0:1','0:0:0:0:0:0:0:1'),(85,'0:0:0:0:0:0:0:1','2018-12-21 10:26:32','0:0:0:0:0:0:0:1','0:0:0:0:0:0:0:1'),(86,'0:0:0:0:0:0:0:1','2018-12-21 10:26:33','0:0:0:0:0:0:0:1','0:0:0:0:0:0:0:1'),(87,'0:0:0:0:0:0:0:1','2018-12-21 10:26:33','0:0:0:0:0:0:0:1','0:0:0:0:0:0:0:1'),(88,'0:0:0:0:0:0:0:1','2018-12-21 10:26:34','0:0:0:0:0:0:0:1','0:0:0:0:0:0:0:1'),(89,'0:0:0:0:0:0:0:1','2018-12-21 10:26:34','0:0:0:0:0:0:0:1','0:0:0:0:0:0:0:1'),(90,'0:0:0:0:0:0:0:1','2018-12-21 10:26:34','0:0:0:0:0:0:0:1','0:0:0:0:0:0:0:1'),(91,'0:0:0:0:0:0:0:1','2018-12-21 10:27:27','0:0:0:0:0:0:0:1','0:0:0:0:0:0:0:1'),(92,'0:0:0:0:0:0:0:1','2018-12-21 10:29:36','0:0:0:0:0:0:0:1','0:0:0:0:0:0:0:1'),(93,'0:0:0:0:0:0:0:1','2018-12-21 10:29:53','0:0:0:0:0:0:0:1','0:0:0:0:0:0:0:1'),(94,'0:0:0:0:0:0:0:1','2018-12-21 10:29:56','0:0:0:0:0:0:0:1','0:0:0:0:0:0:0:1'),(95,'0:0:0:0:0:0:0:1','2018-12-21 10:29:56','0:0:0:0:0:0:0:1','0:0:0:0:0:0:0:1'),(96,'0:0:0:0:0:0:0:1','2018-12-21 10:29:56','0:0:0:0:0:0:0:1','0:0:0:0:0:0:0:1'),(97,'0:0:0:0:0:0:0:1','2018-12-21 10:29:56','0:0:0:0:0:0:0:1','0:0:0:0:0:0:0:1'),(98,'0:0:0:0:0:0:0:1','2018-12-21 10:29:57','0:0:0:0:0:0:0:1','0:0:0:0:0:0:0:1'),(99,'0:0:0:0:0:0:0:1','2018-12-21 10:29:57','0:0:0:0:0:0:0:1','0:0:0:0:0:0:0:1'),(100,'0:0:0:0:0:0:0:1','2018-12-21 10:30:01','0:0:0:0:0:0:0:1','0:0:0:0:0:0:0:1'),(101,'0:0:0:0:0:0:0:1','2018-12-21 10:30:04','0:0:0:0:0:0:0:1','0:0:0:0:0:0:0:1'),(102,'0:0:0:0:0:0:0:1','2018-12-21 10:30:17','0:0:0:0:0:0:0:1','0:0:0:0:0:0:0:1'),(103,'0:0:0:0:0:0:0:1','2018-12-21 10:31:22','0:0:0:0:0:0:0:1','0:0:0:0:0:0:0:1'),(104,'0:0:0:0:0:0:0:1','2018-12-21 10:31:25','0:0:0:0:0:0:0:1','0:0:0:0:0:0:0:1'),(105,'0:0:0:0:0:0:0:1','2018-12-21 10:31:25','0:0:0:0:0:0:0:1','0:0:0:0:0:0:0:1'),(106,'0:0:0:0:0:0:0:1','2018-12-21 10:31:26','0:0:0:0:0:0:0:1','0:0:0:0:0:0:0:1'),(107,'0:0:0:0:0:0:0:1','2018-12-21 10:31:26','0:0:0:0:0:0:0:1','0:0:0:0:0:0:0:1'),(108,'0:0:0:0:0:0:0:1','2018-12-21 10:31:27','0:0:0:0:0:0:0:1','0:0:0:0:0:0:0:1'),(109,'0:0:0:0:0:0:0:1','2018-12-21 10:31:27','0:0:0:0:0:0:0:1','0:0:0:0:0:0:0:1'),(110,'0:0:0:0:0:0:0:1','2018-12-21 10:31:27','0:0:0:0:0:0:0:1','0:0:0:0:0:0:0:1'),(111,'0:0:0:0:0:0:0:1','2018-12-21 10:31:27','0:0:0:0:0:0:0:1','0:0:0:0:0:0:0:1'),(112,'0:0:0:0:0:0:0:1','2018-12-21 10:31:27','0:0:0:0:0:0:0:1','0:0:0:0:0:0:0:1'),(113,'0:0:0:0:0:0:0:1','2018-12-21 10:31:28','0:0:0:0:0:0:0:1','0:0:0:0:0:0:0:1'),(114,'0:0:0:0:0:0:0:1','2018-12-21 10:31:28','0:0:0:0:0:0:0:1','0:0:0:0:0:0:0:1'),(115,'0:0:0:0:0:0:0:1','2018-12-21 10:31:28','0:0:0:0:0:0:0:1','0:0:0:0:0:0:0:1'),(116,'0:0:0:0:0:0:0:1','2018-12-21 10:31:31','0:0:0:0:0:0:0:1','0:0:0:0:0:0:0:1'),(117,'0:0:0:0:0:0:0:1','2018-12-21 10:31:32','0:0:0:0:0:0:0:1','0:0:0:0:0:0:0:1'),(118,'0:0:0:0:0:0:0:1','2018-12-21 10:31:47','0:0:0:0:0:0:0:1','0:0:0:0:0:0:0:1'),(119,'0:0:0:0:0:0:0:1','2018-12-21 10:33:40','0:0:0:0:0:0:0:1','0:0:0:0:0:0:0:1'),(120,'0:0:0:0:0:0:0:1','2018-12-21 10:33:54','0:0:0:0:0:0:0:1','0:0:0:0:0:0:0:1'),(121,'0:0:0:0:0:0:0:1','2018-12-21 10:37:25','0:0:0:0:0:0:0:1','0:0:0:0:0:0:0:1'),(122,'0:0:0:0:0:0:0:1','2018-12-21 10:37:27','0:0:0:0:0:0:0:1','0:0:0:0:0:0:0:1'),(123,'0:0:0:0:0:0:0:1','2018-12-21 10:37:27','0:0:0:0:0:0:0:1','0:0:0:0:0:0:0:1'),(124,'0:0:0:0:0:0:0:1','2018-12-21 10:37:27','0:0:0:0:0:0:0:1','0:0:0:0:0:0:0:1'),(125,'0:0:0:0:0:0:0:1','2018-12-21 10:37:28','0:0:0:0:0:0:0:1','0:0:0:0:0:0:0:1'),(126,'0:0:0:0:0:0:0:1','2018-12-21 10:37:28','0:0:0:0:0:0:0:1','0:0:0:0:0:0:0:1'),(127,'0:0:0:0:0:0:0:1','2018-12-21 10:37:28','0:0:0:0:0:0:0:1','0:0:0:0:0:0:0:1'),(128,'0:0:0:0:0:0:0:1','2018-12-21 10:45:56','0:0:0:0:0:0:0:1','0:0:0:0:0:0:0:1'),(129,'0:0:0:0:0:0:0:1','2018-12-21 10:46:15','0:0:0:0:0:0:0:1','0:0:0:0:0:0:0:1'),(130,'0:0:0:0:0:0:0:1','2018-12-21 10:46:17','0:0:0:0:0:0:0:1','0:0:0:0:0:0:0:1'),(131,'0:0:0:0:0:0:0:1','2018-12-21 10:46:21','0:0:0:0:0:0:0:1','0:0:0:0:0:0:0:1'),(132,'0:0:0:0:0:0:0:1','2018-12-21 10:46:25','0:0:0:0:0:0:0:1','0:0:0:0:0:0:0:1'),(133,'0:0:0:0:0:0:0:1','2018-12-21 10:58:15','0:0:0:0:0:0:0:1','0:0:0:0:0:0:0:1'),(134,'0:0:0:0:0:0:0:1','2018-12-21 10:58:19','0:0:0:0:0:0:0:1','0:0:0:0:0:0:0:1'),(135,'0:0:0:0:0:0:0:1','2018-12-21 10:58:23','0:0:0:0:0:0:0:1','0:0:0:0:0:0:0:1'),(136,'0:0:0:0:0:0:0:1','2018-12-21 10:58:23','0:0:0:0:0:0:0:1','0:0:0:0:0:0:0:1'),(137,'0:0:0:0:0:0:0:1','2018-12-21 10:58:24','0:0:0:0:0:0:0:1','0:0:0:0:0:0:0:1'),(138,'0:0:0:0:0:0:0:1','2018-12-21 10:58:24','0:0:0:0:0:0:0:1','0:0:0:0:0:0:0:1'),(139,'0:0:0:0:0:0:0:1','2018-12-21 10:58:24','0:0:0:0:0:0:0:1','0:0:0:0:0:0:0:1'),(140,'0:0:0:0:0:0:0:1','2018-12-21 10:58:25','0:0:0:0:0:0:0:1','0:0:0:0:0:0:0:1'),(141,'0:0:0:0:0:0:0:1','2018-12-21 10:58:25','0:0:0:0:0:0:0:1','0:0:0:0:0:0:0:1'),(142,'0:0:0:0:0:0:0:1','2018-12-21 13:39:25','0:0:0:0:0:0:0:1','0:0:0:0:0:0:0:1'),(143,'0:0:0:0:0:0:0:1','2018-12-21 13:39:30','0:0:0:0:0:0:0:1','0:0:0:0:0:0:0:1'),(144,'0:0:0:0:0:0:0:1','2018-12-21 13:39:33','0:0:0:0:0:0:0:1','0:0:0:0:0:0:0:1'),(145,'0:0:0:0:0:0:0:1','2018-12-21 13:39:39','0:0:0:0:0:0:0:1','0:0:0:0:0:0:0:1'),(146,'0:0:0:0:0:0:0:1','2019-03-09 09:16:16','0:0:0:0:0:0:0:1','0:0:0:0:0:0:0:1');

/*!40101 SET SQL_MODE=@OLD_SQL_MODE */;
/*!40014 SET FOREIGN_KEY_CHECKS=@OLD_FOREIGN_KEY_CHECKS */;
/*!40014 SET UNIQUE_CHECKS=@OLD_UNIQUE_CHECKS */;
/*!40111 SET SQL_NOTES=@OLD_SQL_NOTES */;
